"LOCATION","INDICATOR","SUBJECT","MEASURE","FREQUENCY","TIME","Value","Flag Codes"
"AUS","MEATCONSUMP","BEEF","KG_CAP","A","1990",0.000004108,
"AUS","MEATCONSUMP","BEEF","KG_CAP","A","1991",27.80840108,
"AUS","MEATCONSUMP","BEEF","KG_CAP","A","1992",26.278165516,
"AUS","MEATCONSUMP","BEEF","KG_CAP","A","1993",26.244478453,
"AUS","MEATCONSUMP","BEEF","KG_CAP","A","1994",25.54124443,
"AUS","MEATCONSUMP","BEEF","KG_CAP","A","1995",25.407555061,
"AUS","MEATCONSUMP","BEEF","KG_CAP","A","1996",27.328711375,
"AUS","MEATCONSUMP","BEEF","KG_CAP","A","1997",28.873698418,
"AUS","MEATCONSUMP","BEEF","KG_CAP","A","1998",26.653348557,
"AUS","MEATCONSUMP","BEEF","KG_CAP","A","1999",27.98166484,
"AUS","MEATCONSUMP","BEEF","KG_CAP","A","2000",26.41187439,
"AUS","MEATCONSUMP","BEEF","KG_CAP","A","2001",24.51133092,
"AUS","MEATCONSUMP","BEEF","KG_CAP","A","2002",25.166735679,
"AUS","MEATCONSUMP","BEEF","KG_CAP","A","2003",25.861882531,
"AUS","MEATCONSUMP","BEEF","KG_CAP","A","2004",28.61969874,
"AUS","MEATCONSUMP","BEEF","KG_CAP","A","2005",27.108576302,
"AUS","MEATCONSUMP","BEEF","KG_CAP","A","2006",26.967863713,
"AUS","MEATCONSUMP","BEEF","KG_CAP","A","2007",24.131309129,
"AUS","MEATCONSUMP","BEEF","KG_CAP","A","2008",23.331477024,
"AUS","MEATCONSUMP","BEEF","KG_CAP","A","2009",23.466541955,
"AUS","MEATCONSUMP","BEEF","KG_CAP","A","2010",25.349441592,
"AUS","MEATCONSUMP","BEEF","KG_CAP","A","2011",23.347580441,
"AUS","MEATCONSUMP","BEEF","KG_CAP","A","2012",22.515223785,
"AUS","MEATCONSUMP","BEEF","KG_CAP","A","2013",23.851057595,
"AUS","MEATCONSUMP","BEEF","KG_CAP","A","2014",22.704256867,
"AUS","MEATCONSUMP","BEEF","KG_CAP","A","2015",14.668203816,
"AUS","MEATCONSUMP","BEEF","KG_CAP","A","2016",16.446292611,
"AUS","MEATCONSUMP","BEEF","KG_CAP","A","2017",21.106295095,
"CAN","MEATCONSUMP","BEEF","KG_CAP","A","1990",24.864912677,
"CAN","MEATCONSUMP","BEEF","KG_CAP","A","1991",24.320258591,
"CAN","MEATCONSUMP","BEEF","KG_CAP","A","1992",23.695982822,
"CAN","MEATCONSUMP","BEEF","KG_CAP","A","1993",22.675218537,
"CAN","MEATCONSUMP","BEEF","KG_CAP","A","1994",23.093630827,
"CAN","MEATCONSUMP","BEEF","KG_CAP","A","1995",23.177033006,
"CAN","MEATCONSUMP","BEEF","KG_CAP","A","1996",22.920398505,
"CAN","MEATCONSUMP","BEEF","KG_CAP","A","1997",22.982163083,
"CAN","MEATCONSUMP","BEEF","KG_CAP","A","1998",23.258232931,
"CAN","MEATCONSUMP","BEEF","KG_CAP","A","1999",23.681579335,
"CAN","MEATCONSUMP","BEEF","KG_CAP","A","2000",23.298358886,
"CAN","MEATCONSUMP","BEEF","KG_CAP","A","2001",22.394780719,
"CAN","MEATCONSUMP","BEEF","KG_CAP","A","2002",22.312874644,
"CAN","MEATCONSUMP","BEEF","KG_CAP","A","2003",23.550892844,
"CAN","MEATCONSUMP","BEEF","KG_CAP","A","2004",22.615563533,
"CAN","MEATCONSUMP","BEEF","KG_CAP","A","2005",21.909973678,
"CAN","MEATCONSUMP","BEEF","KG_CAP","A","2006",21.639157627,
"CAN","MEATCONSUMP","BEEF","KG_CAP","A","2007",22.085717216,
"CAN","MEATCONSUMP","BEEF","KG_CAP","A","2008",21.430377464,
"CAN","MEATCONSUMP","BEEF","KG_CAP","A","2009",20.407413994,
"CAN","MEATCONSUMP","BEEF","KG_CAP","A","2010",20.178488374,
"CAN","MEATCONSUMP","BEEF","KG_CAP","A","2011",19.691783592,
"CAN","MEATCONSUMP","BEEF","KG_CAP","A","2012",19.803820619,
"CAN","MEATCONSUMP","BEEF","KG_CAP","A","2013",19.558180655,
"CAN","MEATCONSUMP","BEEF","KG_CAP","A","2014",18.208950966,
"CAN","MEATCONSUMP","BEEF","KG_CAP","A","2015",16.379798957,
"CAN","MEATCONSUMP","BEEF","KG_CAP","A","2016",17.442536639,
"CAN","MEATCONSUMP","BEEF","KG_CAP","A","2017",17.281666209,
"JPN","MEATCONSUMP","BEEF","KG_CAP","A","1990",5.999810498,
"JPN","MEATCONSUMP","BEEF","KG_CAP","A","1991",6.400344757,
"JPN","MEATCONSUMP","BEEF","KG_CAP","A","1992",6.64958158,
"JPN","MEATCONSUMP","BEEF","KG_CAP","A","1993",7.285124944,
"JPN","MEATCONSUMP","BEEF","KG_CAP","A","1994",8.002596143,
"JPN","MEATCONSUMP","BEEF","KG_CAP","A","1995",8.407724249,
"JPN","MEATCONSUMP","BEEF","KG_CAP","A","1996",7.965391561,
"JPN","MEATCONSUMP","BEEF","KG_CAP","A","1997",8.071943711,
"JPN","MEATCONSUMP","BEEF","KG_CAP","A","1998",8.185813405,
"JPN","MEATCONSUMP","BEEF","KG_CAP","A","1999",8.173006303,
"JPN","MEATCONSUMP","BEEF","KG_CAP","A","2000",8.617503088,
"JPN","MEATCONSUMP","BEEF","KG_CAP","A","2001",7.029356216,
"JPN","MEATCONSUMP","BEEF","KG_CAP","A","2002",7.127829206,
"JPN","MEATCONSUMP","BEEF","KG_CAP","A","2003",6.979397724,
"JPN","MEATCONSUMP","BEEF","KG_CAP","A","2004",6.961678381,
"JPN","MEATCONSUMP","BEEF","KG_CAP","A","2005",6.23389012,
"JPN","MEATCONSUMP","BEEF","KG_CAP","A","2006",6.187077364,
"JPN","MEATCONSUMP","BEEF","KG_CAP","A","2007",6.379489271,
"JPN","MEATCONSUMP","BEEF","KG_CAP","A","2008",6.384995149,
"JPN","MEATCONSUMP","BEEF","KG_CAP","A","2009",6.491157789,
"JPN","MEATCONSUMP","BEEF","KG_CAP","A","2010",6.706219442,
"JPN","MEATCONSUMP","BEEF","KG_CAP","A","2011",6.721865982,
"JPN","MEATCONSUMP","BEEF","KG_CAP","A","2012",6.730751448,
"JPN","MEATCONSUMP","BEEF","KG_CAP","A","2013",6.726993431,
"JPN","MEATCONSUMP","BEEF","KG_CAP","A","2014",6.689168633,
"JPN","MEATCONSUMP","BEEF","KG_CAP","A","2015",6.487353331,
"JPN","MEATCONSUMP","BEEF","KG_CAP","A","2016",6.748715409,
"JPN","MEATCONSUMP","BEEF","KG_CAP","A","2017",7.16972054,
"KOR","MEATCONSUMP","BEEF","KG_CAP","A","1990",0.000001631,
"KOR","MEATCONSUMP","BEEF","KG_CAP","A","1991",5.083842684,
"KOR","MEATCONSUMP","BEEF","KG_CAP","A","1992",5.666858513,
"KOR","MEATCONSUMP","BEEF","KG_CAP","A","1993",5.292288659,
"KOR","MEATCONSUMP","BEEF","KG_CAP","A","1994",5.648220553,
"KOR","MEATCONSUMP","BEEF","KG_CAP","A","1995",6.481635969,
"KOR","MEATCONSUMP","BEEF","KG_CAP","A","1996",6.712539766,
"KOR","MEATCONSUMP","BEEF","KG_CAP","A","1997",7.586673804,
"KOR","MEATCONSUMP","BEEF","KG_CAP","A","1998",6.807463243,
"KOR","MEATCONSUMP","BEEF","KG_CAP","A","1999",8.082899898,
"KOR","MEATCONSUMP","BEEF","KG_CAP","A","2000",8.405286176,
"KOR","MEATCONSUMP","BEEF","KG_CAP","A","2001",7.255908695,
"KOR","MEATCONSUMP","BEEF","KG_CAP","A","2002",8.236572504,
"KOR","MEATCONSUMP","BEEF","KG_CAP","A","2003",7.952056745,
"KOR","MEATCONSUMP","BEEF","KG_CAP","A","2004",6.469216821,
"KOR","MEATCONSUMP","BEEF","KG_CAP","A","2005",5.974693511,
"KOR","MEATCONSUMP","BEEF","KG_CAP","A","2006",6.637841057,
"KOR","MEATCONSUMP","BEEF","KG_CAP","A","2007",7.437198448,
"KOR","MEATCONSUMP","BEEF","KG_CAP","A","2008",7.674774318,
"KOR","MEATCONSUMP","BEEF","KG_CAP","A","2009",7.191312654,
"KOR","MEATCONSUMP","BEEF","KG_CAP","A","2010",8.320848085,
"KOR","MEATCONSUMP","BEEF","KG_CAP","A","2011",8.707004009,
"KOR","MEATCONSUMP","BEEF","KG_CAP","A","2012",8.841522358,
"KOR","MEATCONSUMP","BEEF","KG_CAP","A","2013",9.257945226,
"KOR","MEATCONSUMP","BEEF","KG_CAP","A","2014",9.807575384,
"KOR","MEATCONSUMP","BEEF","KG_CAP","A","2015",9.944013983,
"KOR","MEATCONSUMP","BEEF","KG_CAP","A","2016",9.938840412,
"KOR","MEATCONSUMP","BEEF","KG_CAP","A","2017",10.253773811,
"MEX","MEATCONSUMP","BEEF","KG_CAP","A","1990",7.261090006,
"MEX","MEATCONSUMP","BEEF","KG_CAP","A","1991",8.814983841,
"MEX","MEATCONSUMP","BEEF","KG_CAP","A","1992",9.182074638,
"MEX","MEATCONSUMP","BEEF","KG_CAP","A","1993",8.30997866,
"MEX","MEATCONSUMP","BEEF","KG_CAP","A","1994",9.740694301,
"MEX","MEATCONSUMP","BEEF","KG_CAP","A","1995",8.334465647,
"MEX","MEATCONSUMP","BEEF","KG_CAP","A","1996",9.666468837,
"MEX","MEATCONSUMP","BEEF","KG_CAP","A","1997",9.910710325,
"MEX","MEATCONSUMP","BEEF","KG_CAP","A","1998",10.675672764,
"MEX","MEATCONSUMP","BEEF","KG_CAP","A","1999",10.576776029,
"MEX","MEATCONSUMP","BEEF","KG_CAP","A","2000",10.491539026,
"MEX","MEATCONSUMP","BEEF","KG_CAP","A","2001",10.751391187,
"MEX","MEATCONSUMP","BEEF","KG_CAP","A","2002",11.521367703,
"MEX","MEATCONSUMP","BEEF","KG_CAP","A","2003",10.689232782,
"MEX","MEATCONSUMP","BEEF","KG_CAP","A","2004",10.165839548,
"MEX","MEATCONSUMP","BEEF","KG_CAP","A","2005",10.428581088,
"MEX","MEATCONSUMP","BEEF","KG_CAP","A","2006",9.780707015,
"MEX","MEATCONSUMP","BEEF","KG_CAP","A","2007",10.448007112,
"MEX","MEATCONSUMP","BEEF","KG_CAP","A","2008",10.813925664,
"MEX","MEATCONSUMP","BEEF","KG_CAP","A","2009",10.275566952,
"MEX","MEATCONSUMP","BEEF","KG_CAP","A","2010",9.692381022,
"MEX","MEATCONSUMP","BEEF","KG_CAP","A","2011",8.797268405,
"MEX","MEATCONSUMP","BEEF","KG_CAP","A","2012",8.788203625,
"MEX","MEATCONSUMP","BEEF","KG_CAP","A","2013",9.365803503,
"MEX","MEATCONSUMP","BEEF","KG_CAP","A","2014",8.633298848,
"MEX","MEATCONSUMP","BEEF","KG_CAP","A","2015",8.654149249,
"MEX","MEATCONSUMP","BEEF","KG_CAP","A","2016",8.834493718,
"MEX","MEATCONSUMP","BEEF","KG_CAP","A","2017",8.818529455,
"NZL","MEATCONSUMP","BEEF","KG_CAP","A","1990",26.071473522,
"NZL","MEATCONSUMP","BEEF","KG_CAP","A","1991",24.029867185,
"NZL","MEATCONSUMP","BEEF","KG_CAP","A","1992",24.800559037,
"NZL","MEATCONSUMP","BEEF","KG_CAP","A","1993",24.150632052,
"NZL","MEATCONSUMP","BEEF","KG_CAP","A","1994",21.022918523,
"NZL","MEATCONSUMP","BEEF","KG_CAP","A","1995",28.218081305,
"NZL","MEATCONSUMP","BEEF","KG_CAP","A","1996",29.056999217,
"NZL","MEATCONSUMP","BEEF","KG_CAP","A","1997",25.257845358,
"NZL","MEATCONSUMP","BEEF","KG_CAP","A","1998",21.918820272,
"NZL","MEATCONSUMP","BEEF","KG_CAP","A","1999",23.145910689,
"NZL","MEATCONSUMP","BEEF","KG_CAP","A","2000",23.267104948,
"NZL","MEATCONSUMP","BEEF","KG_CAP","A","2001",21.663321245,
"NZL","MEATCONSUMP","BEEF","KG_CAP","A","2002",16.952348138,
"NZL","MEATCONSUMP","BEEF","KG_CAP","A","2003",23.150179016,
"NZL","MEATCONSUMP","BEEF","KG_CAP","A","2004",20.182315309,
"NZL","MEATCONSUMP","BEEF","KG_CAP","A","2005",15.748632476,
"NZL","MEATCONSUMP","BEEF","KG_CAP","A","2006",17.187087523,
"NZL","MEATCONSUMP","BEEF","KG_CAP","A","2007",20.093740779,
"NZL","MEATCONSUMP","BEEF","KG_CAP","A","2008",20.142126876,
"NZL","MEATCONSUMP","BEEF","KG_CAP","A","2009",17.659168966,
"NZL","MEATCONSUMP","BEEF","KG_CAP","A","2010",19.398383388,
"NZL","MEATCONSUMP","BEEF","KG_CAP","A","2011",19.639295282,
"NZL","MEATCONSUMP","BEEF","KG_CAP","A","2012",18.300443151,
"NZL","MEATCONSUMP","BEEF","KG_CAP","A","2013",15.495218955,
"NZL","MEATCONSUMP","BEEF","KG_CAP","A","2014",14.561952833,
"NZL","MEATCONSUMP","BEEF","KG_CAP","A","2015",14.259316004,
"NZL","MEATCONSUMP","BEEF","KG_CAP","A","2016",10.212781707,
"NZL","MEATCONSUMP","BEEF","KG_CAP","A","2017",12.941441849,
"TUR","MEATCONSUMP","BEEF","KG_CAP","A","1990",4.954876493,
"TUR","MEATCONSUMP","BEEF","KG_CAP","A","1991",4.760634338,
"TUR","MEATCONSUMP","BEEF","KG_CAP","A","1992",4.241143597,
"TUR","MEATCONSUMP","BEEF","KG_CAP","A","1993",4.130238165,
"TUR","MEATCONSUMP","BEEF","KG_CAP","A","1994",3.782978369,
"TUR","MEATCONSUMP","BEEF","KG_CAP","A","1995",3.702809298,
"TUR","MEATCONSUMP","BEEF","KG_CAP","A","1996",3.808281622,
"TUR","MEATCONSUMP","BEEF","KG_CAP","A","1997",4.463768705,
"TUR","MEATCONSUMP","BEEF","KG_CAP","A","1998",4.149625308,
"TUR","MEATCONSUMP","BEEF","KG_CAP","A","1999",3.986229702,
"TUR","MEATCONSUMP","BEEF","KG_CAP","A","2000",3.96771314,
"TUR","MEATCONSUMP","BEEF","KG_CAP","A","2001",3.613482443,
"TUR","MEATCONSUMP","BEEF","KG_CAP","A","2002",3.53384407,
"TUR","MEATCONSUMP","BEEF","KG_CAP","A","2003",3.188608789,
"TUR","MEATCONSUMP","BEEF","KG_CAP","A","2004",3.927008658,
"TUR","MEATCONSUMP","BEEF","KG_CAP","A","2005",3.373110636,
"TUR","MEATCONSUMP","BEEF","KG_CAP","A","2006",3.523211276,
"TUR","MEATCONSUMP","BEEF","KG_CAP","A","2007",4.344333428,
"TUR","MEATCONSUMP","BEEF","KG_CAP","A","2008",3.726149496,
"TUR","MEATCONSUMP","BEEF","KG_CAP","A","2009",3.16035839,
"TUR","MEATCONSUMP","BEEF","KG_CAP","A","2010",5.937248496,
"TUR","MEATCONSUMP","BEEF","KG_CAP","A","2011",6.033200956,
"TUR","MEATCONSUMP","BEEF","KG_CAP","A","2012",7.317690864,
"TUR","MEATCONSUMP","BEEF","KG_CAP","A","2013",7.817236048,
"TUR","MEATCONSUMP","BEEF","KG_CAP","A","2014",7.881313608,
"TUR","MEATCONSUMP","BEEF","KG_CAP","A","2015",9.157330944,
"TUR","MEATCONSUMP","BEEF","KG_CAP","A","2016",9.698507388,
"TUR","MEATCONSUMP","BEEF","KG_CAP","A","2017",10.351106199,
"USA","MEATCONSUMP","BEEF","KG_CAP","A","1990",30.622891935,
"USA","MEATCONSUMP","BEEF","KG_CAP","A","1991",30.407839816,
"USA","MEATCONSUMP","BEEF","KG_CAP","A","1992",30.304768891,
"USA","MEATCONSUMP","BEEF","KG_CAP","A","1993",29.662650904,
"USA","MEATCONSUMP","BEEF","KG_CAP","A","1994",30.7129812,
"USA","MEATCONSUMP","BEEF","KG_CAP","A","1995",30.898023609,
"USA","MEATCONSUMP","BEEF","KG_CAP","A","1996",30.995870992,
"USA","MEATCONSUMP","BEEF","KG_CAP","A","1997",30.269265928,
"USA","MEATCONSUMP","BEEF","KG_CAP","A","1998",30.616866457,
"USA","MEATCONSUMP","BEEF","KG_CAP","A","1999",30.937462739,
"USA","MEATCONSUMP","BEEF","KG_CAP","A","2000",31.036626038,
"USA","MEATCONSUMP","BEEF","KG_CAP","A","2001",30.352023849,
"USA","MEATCONSUMP","BEEF","KG_CAP","A","2002",31.013357336,
"USA","MEATCONSUMP","BEEF","KG_CAP","A","2003",29.780730834,
"USA","MEATCONSUMP","BEEF","KG_CAP","A","2004",30.311283885,
"USA","MEATCONSUMP","BEEF","KG_CAP","A","2005",30.035469448,
"USA","MEATCONSUMP","BEEF","KG_CAP","A","2006",30.164036581,
"USA","MEATCONSUMP","BEEF","KG_CAP","A","2007",29.904037927,
"USA","MEATCONSUMP","BEEF","KG_CAP","A","2008",28.720723197,
"USA","MEATCONSUMP","BEEF","KG_CAP","A","2009",28.057834994,
"USA","MEATCONSUMP","BEEF","KG_CAP","A","2010",27.289354351,
"USA","MEATCONSUMP","BEEF","KG_CAP","A","2011",26.306813859,
"USA","MEATCONSUMP","BEEF","KG_CAP","A","2012",26.141676544,
"USA","MEATCONSUMP","BEEF","KG_CAP","A","2013",25.665479715,
"USA","MEATCONSUMP","BEEF","KG_CAP","A","2014",24.70077228,
"USA","MEATCONSUMP","BEEF","KG_CAP","A","2015",24.672411326,
"USA","MEATCONSUMP","BEEF","KG_CAP","A","2016",25.373575618,
"USA","MEATCONSUMP","BEEF","KG_CAP","A","2017",25.914323559,
"ARG","MEATCONSUMP","BEEF","KG_CAP","A","1990",55.369994548,
"ARG","MEATCONSUMP","BEEF","KG_CAP","A","1991",51.637982898,
"ARG","MEATCONSUMP","BEEF","KG_CAP","A","1992",50.789178453,
"ARG","MEATCONSUMP","BEEF","KG_CAP","A","1993",51.464666576,
"ARG","MEATCONSUMP","BEEF","KG_CAP","A","1994",48.37523314,
"ARG","MEATCONSUMP","BEEF","KG_CAP","A","1995",43.485205265,
"ARG","MEATCONSUMP","BEEF","KG_CAP","A","1996",44.00235355,
"ARG","MEATCONSUMP","BEEF","KG_CAP","A","1997",44.639310538,
"ARG","MEATCONSUMP","BEEF","KG_CAP","A","1998",41.42852079,
"ARG","MEATCONSUMP","BEEF","KG_CAP","A","1999",45.534063754,
"ARG","MEATCONSUMP","BEEF","KG_CAP","A","2000",45.05369553,
"ARG","MEATCONSUMP","BEEF","KG_CAP","A","2001",43.758163869,
"ARG","MEATCONSUMP","BEEF","KG_CAP","A","2002",40.282618089,
"ARG","MEATCONSUMP","BEEF","KG_CAP","A","2003",41.621652826,
"ARG","MEATCONSUMP","BEEF","KG_CAP","A","2004",43.501663441,
"ARG","MEATCONSUMP","BEEF","KG_CAP","A","2005",42.644266469,
"ARG","MEATCONSUMP","BEEF","KG_CAP","A","2006",43.789448068,
"ARG","MEATCONSUMP","BEEF","KG_CAP","A","2007",47.075737335,
"ARG","MEATCONSUMP","BEEF","KG_CAP","A","2008",46.916018649,
"ARG","MEATCONSUMP","BEEF","KG_CAP","A","2009",46.701952383,
"ARG","MEATCONSUMP","BEEF","KG_CAP","A","2010",39.447716105,
"ARG","MEATCONSUMP","BEEF","KG_CAP","A","2011",37.861098043,
"ARG","MEATCONSUMP","BEEF","KG_CAP","A","2012",40.223983028,
"ARG","MEATCONSUMP","BEEF","KG_CAP","A","2013",43.693506042,
"ARG","MEATCONSUMP","BEEF","KG_CAP","A","2014",40.776349321,
"ARG","MEATCONSUMP","BEEF","KG_CAP","A","2015",40.655013732,
"ARG","MEATCONSUMP","BEEF","KG_CAP","A","2016",38.969218264,
"ARG","MEATCONSUMP","BEEF","KG_CAP","A","2017",39.639909755,
"BRA","MEATCONSUMP","BEEF","KG_CAP","A","1990",21.004846968,
"BRA","MEATCONSUMP","BEEF","KG_CAP","A","1991",21.002892505,
"BRA","MEATCONSUMP","BEEF","KG_CAP","A","1992",20.434097004,
"BRA","MEATCONSUMP","BEEF","KG_CAP","A","1993",20.658221757,
"BRA","MEATCONSUMP","BEEF","KG_CAP","A","1994",21.845186331,
"BRA","MEATCONSUMP","BEEF","KG_CAP","A","1995",24.655751224,
"BRA","MEATCONSUMP","BEEF","KG_CAP","A","1996",26.206072602,
"BRA","MEATCONSUMP","BEEF","KG_CAP","A","1997",24.248984411,
"BRA","MEATCONSUMP","BEEF","KG_CAP","A","1998",22.682530612,
"BRA","MEATCONSUMP","BEEF","KG_CAP","A","1999",23.968044958,
"BRA","MEATCONSUMP","BEEF","KG_CAP","A","2000",24.328885709,
"BRA","MEATCONSUMP","BEEF","KG_CAP","A","2001",23.790780296,
"BRA","MEATCONSUMP","BEEF","KG_CAP","A","2002",24.31271529,
"BRA","MEATCONSUMP","BEEF","KG_CAP","A","2003",27.990232065,
"BRA","MEATCONSUMP","BEEF","KG_CAP","A","2004",26.758241046,
"BRA","MEATCONSUMP","BEEF","KG_CAP","A","2005",27.522985497,
"BRA","MEATCONSUMP","BEEF","KG_CAP","A","2006",29.733377269,
"BRA","MEATCONSUMP","BEEF","KG_CAP","A","2007",28.675312331,
"BRA","MEATCONSUMP","BEEF","KG_CAP","A","2008",25.178559322,
"BRA","MEATCONSUMP","BEEF","KG_CAP","A","2009",24.44475692,
"BRA","MEATCONSUMP","BEEF","KG_CAP","A","2010",25.30571519,
"BRA","MEATCONSUMP","BEEF","KG_CAP","A","2011",24.633189362,
"BRA","MEATCONSUMP","BEEF","KG_CAP","A","2012",24.835545334,
"BRA","MEATCONSUMP","BEEF","KG_CAP","A","2013",26.42205251,
"BRA","MEATCONSUMP","BEEF","KG_CAP","A","2014",24.514021192,
"BRA","MEATCONSUMP","BEEF","KG_CAP","A","2015",26.421007976,
"BRA","MEATCONSUMP","BEEF","KG_CAP","A","2016",25.772160142,
"BRA","MEATCONSUMP","BEEF","KG_CAP","A","2017",25.93067421,
"CHL","MEATCONSUMP","BEEF","KG_CAP","A","1990",12.968514918,
"CHL","MEATCONSUMP","BEEF","KG_CAP","A","1991",12.568191369,
"CHL","MEATCONSUMP","BEEF","KG_CAP","A","1992",12.102923457,
"CHL","MEATCONSUMP","BEEF","KG_CAP","A","1993",13.599448332,
"CHL","MEATCONSUMP","BEEF","KG_CAP","A","1994",14.556868756,
"CHL","MEATCONSUMP","BEEF","KG_CAP","A","1995",15.83253088,
"CHL","MEATCONSUMP","BEEF","KG_CAP","A","1996",16.444678554,
"CHL","MEATCONSUMP","BEEF","KG_CAP","A","1997",17.479284718,
"CHL","MEATCONSUMP","BEEF","KG_CAP","A","1998",16.42135509,
"CHL","MEATCONSUMP","BEEF","KG_CAP","A","1999",15.401350691,
"CHL","MEATCONSUMP","BEEF","KG_CAP","A","2000",15.599023415,
"CHL","MEATCONSUMP","BEEF","KG_CAP","A","2001",14.119745195,
"CHL","MEATCONSUMP","BEEF","KG_CAP","A","2002",14.921532838,
"CHL","MEATCONSUMP","BEEF","KG_CAP","A","2003",15.491140053,
"CHL","MEATCONSUMP","BEEF","KG_CAP","A","2004",15.801779105,
"CHL","MEATCONSUMP","BEEF","KG_CAP","A","2005",16.244916151,
"CHL","MEATCONSUMP","BEEF","KG_CAP","A","2006",14.435707713,
"CHL","MEATCONSUMP","BEEF","KG_CAP","A","2007",15.536874711,
"CHL","MEATCONSUMP","BEEF","KG_CAP","A","2008",14.646610695,
"CHL","MEATCONSUMP","BEEF","KG_CAP","A","2009",14.697657609,
"CHL","MEATCONSUMP","BEEF","KG_CAP","A","2010",15.412286724,
"CHL","MEATCONSUMP","BEEF","KG_CAP","A","2011",14.1602986,
"CHL","MEATCONSUMP","BEEF","KG_CAP","A","2012",14.680160939,
"CHL","MEATCONSUMP","BEEF","KG_CAP","A","2013",17.16285123,
"CHL","MEATCONSUMP","BEEF","KG_CAP","A","2014",17.60619259,
"CHL","MEATCONSUMP","BEEF","KG_CAP","A","2015",17.435197719,
"CHL","MEATCONSUMP","BEEF","KG_CAP","A","2016",18.835021102,
"CHL","MEATCONSUMP","BEEF","KG_CAP","A","2017",18.765201563,
"CHN","MEATCONSUMP","BEEF","KG_CAP","A","1990",0.641784078,
"CHN","MEATCONSUMP","BEEF","KG_CAP","A","1991",0.752711761,
"CHN","MEATCONSUMP","BEEF","KG_CAP","A","1992",1.003120034,
"CHN","MEATCONSUMP","BEEF","KG_CAP","A","1993",1.257451502,
"CHN","MEATCONSUMP","BEEF","KG_CAP","A","1994",1.524403964,
"CHN","MEATCONSUMP","BEEF","KG_CAP","A","1995",1.955224466,
"CHN","MEATCONSUMP","BEEF","KG_CAP","A","1996",1.946950721,
"CHN","MEATCONSUMP","BEEF","KG_CAP","A","1997",2.407234265,
"CHN","MEATCONSUMP","BEEF","KG_CAP","A","1998",2.610577653,
"CHN","MEATCONSUMP","BEEF","KG_CAP","A","1999",2.751608561,
"CHN","MEATCONSUMP","BEEF","KG_CAP","A","2000",2.89047003,
"CHN","MEATCONSUMP","BEEF","KG_CAP","A","2001",2.957189407,
"CHN","MEATCONSUMP","BEEF","KG_CAP","A","2002",3.146008219,
"CHN","MEATCONSUMP","BEEF","KG_CAP","A","2003",2.884084984,
"CHN","MEATCONSUMP","BEEF","KG_CAP","A","2004",2.948303349,
"CHN","MEATCONSUMP","BEEF","KG_CAP","A","2005",2.954778675,
"CHN","MEATCONSUMP","BEEF","KG_CAP","A","2006",2.99073079,
"CHN","MEATCONSUMP","BEEF","KG_CAP","A","2007",3.166633122,
"CHN","MEATCONSUMP","BEEF","KG_CAP","A","2008",3.161837792,
"CHN","MEATCONSUMP","BEEF","KG_CAP","A","2009",3.275464401,
"CHN","MEATCONSUMP","BEEF","KG_CAP","A","2010",3.351136478,
"CHN","MEATCONSUMP","BEEF","KG_CAP","A","2011",3.296498902,
"CHN","MEATCONSUMP","BEEF","KG_CAP","A","2012",3.381234537,
"CHN","MEATCONSUMP","BEEF","KG_CAP","A","2013",3.561566147,
"CHN","MEATCONSUMP","BEEF","KG_CAP","A","2014",3.630662018,
"CHN","MEATCONSUMP","BEEF","KG_CAP","A","2015",3.632930859,
"CHN","MEATCONSUMP","BEEF","KG_CAP","A","2016",3.846881887,
"CHN","MEATCONSUMP","BEEF","KG_CAP","A","2017",3.913892856,
"COL","MEATCONSUMP","BEEF","KG_CAP","A","1990",15.01100157,
"COL","MEATCONSUMP","BEEF","KG_CAP","A","1991",13.558933659,
"COL","MEATCONSUMP","BEEF","KG_CAP","A","1992",11.55601618,
"COL","MEATCONSUMP","BEEF","KG_CAP","A","1993",11.627305517,
"COL","MEATCONSUMP","BEEF","KG_CAP","A","1994",12.319115998,
"COL","MEATCONSUMP","BEEF","KG_CAP","A","1995",13.129161819,
"COL","MEATCONSUMP","BEEF","KG_CAP","A","1996",13.461456258,
"COL","MEATCONSUMP","BEEF","KG_CAP","A","1997",13.854605688,
"COL","MEATCONSUMP","BEEF","KG_CAP","A","1998",13.655996935,
"COL","MEATCONSUMP","BEEF","KG_CAP","A","1999",12.601665244,
"COL","MEATCONSUMP","BEEF","KG_CAP","A","2000",12.920532056,
"COL","MEATCONSUMP","BEEF","KG_CAP","A","2001",11.924811725,
"COL","MEATCONSUMP","BEEF","KG_CAP","A","2002",11.358195078,
"COL","MEATCONSUMP","BEEF","KG_CAP","A","2003",10.600621249,
"COL","MEATCONSUMP","BEEF","KG_CAP","A","2004",11.548932508,
"COL","MEATCONSUMP","BEEF","KG_CAP","A","2005",12.659759641,
"COL","MEATCONSUMP","BEEF","KG_CAP","A","2006",12.852105687,
"COL","MEATCONSUMP","BEEF","KG_CAP","A","2007",12.240355348,
"COL","MEATCONSUMP","BEEF","KG_CAP","A","2008",11.909830753,
"COL","MEATCONSUMP","BEEF","KG_CAP","A","2009",10.890968083,
"COL","MEATCONSUMP","BEEF","KG_CAP","A","2010",11.680743207,
"COL","MEATCONSUMP","BEEF","KG_CAP","A","2011",12.320240533,
"COL","MEATCONSUMP","BEEF","KG_CAP","A","2012",12.632804953,
"COL","MEATCONSUMP","BEEF","KG_CAP","A","2013",12.111570459,
"COL","MEATCONSUMP","BEEF","KG_CAP","A","2014",12.17004005,
"COL","MEATCONSUMP","BEEF","KG_CAP","A","2015",12.104523342,
"COL","MEATCONSUMP","BEEF","KG_CAP","A","2016",11.18307658,
"COL","MEATCONSUMP","BEEF","KG_CAP","A","2017",11.470359113,
"EGY","MEATCONSUMP","BEEF","KG_CAP","A","1990",4.906739108,
"EGY","MEATCONSUMP","BEEF","KG_CAP","A","1991",5.562170645,
"EGY","MEATCONSUMP","BEEF","KG_CAP","A","1992",5.440751782,
"EGY","MEATCONSUMP","BEEF","KG_CAP","A","1993",6.053208299,
"EGY","MEATCONSUMP","BEEF","KG_CAP","A","1994",6.228570349,
"EGY","MEATCONSUMP","BEEF","KG_CAP","A","1995",5.982659609,
"EGY","MEATCONSUMP","BEEF","KG_CAP","A","1996",6.179881733,
"EGY","MEATCONSUMP","BEEF","KG_CAP","A","1997",6.744566091,
"EGY","MEATCONSUMP","BEEF","KG_CAP","A","1998",6.79704952,
"EGY","MEATCONSUMP","BEEF","KG_CAP","A","1999",7.039159112,
"EGY","MEATCONSUMP","BEEF","KG_CAP","A","2000",7.435115303,
"EGY","MEATCONSUMP","BEEF","KG_CAP","A","2001",5.234613167,
"EGY","MEATCONSUMP","BEEF","KG_CAP","A","2002",5.762645131,
"EGY","MEATCONSUMP","BEEF","KG_CAP","A","2003",6.034408411,
"EGY","MEATCONSUMP","BEEF","KG_CAP","A","2004",6.756214235,
"EGY","MEATCONSUMP","BEEF","KG_CAP","A","2005",7.395020693,
"EGY","MEATCONSUMP","BEEF","KG_CAP","A","2006",8.754053554,
"EGY","MEATCONSUMP","BEEF","KG_CAP","A","2007",9.007275585,
"EGY","MEATCONSUMP","BEEF","KG_CAP","A","2008",8.393396384,
"EGY","MEATCONSUMP","BEEF","KG_CAP","A","2009",8.811470612,
"EGY","MEATCONSUMP","BEEF","KG_CAP","A","2010",9.282968426,
"EGY","MEATCONSUMP","BEEF","KG_CAP","A","2011",8.694048019,
"EGY","MEATCONSUMP","BEEF","KG_CAP","A","2012",8.757571736,
"EGY","MEATCONSUMP","BEEF","KG_CAP","A","2013",7.943948394,
"EGY","MEATCONSUMP","BEEF","KG_CAP","A","2014",8.156610959,
"EGY","MEATCONSUMP","BEEF","KG_CAP","A","2015",8.526407985,
"EGY","MEATCONSUMP","BEEF","KG_CAP","A","2016",9.193980851,
"EGY","MEATCONSUMP","BEEF","KG_CAP","A","2017",8.761373718,
"ETH","MEATCONSUMP","BEEF","KG_CAP","A","1993",3.007492014,
"ETH","MEATCONSUMP","BEEF","KG_CAP","A","1994",2.904331158,
"ETH","MEATCONSUMP","BEEF","KG_CAP","A","1995",2.869468902,
"ETH","MEATCONSUMP","BEEF","KG_CAP","A","1996",3.15862819,
"ETH","MEATCONSUMP","BEEF","KG_CAP","A","1997",3.099383879,
"ETH","MEATCONSUMP","BEEF","KG_CAP","A","1998",3.053921928,
"ETH","MEATCONSUMP","BEEF","KG_CAP","A","1999",3.140618136,
"ETH","MEATCONSUMP","BEEF","KG_CAP","A","2000",3.093350552,
"ETH","MEATCONSUMP","BEEF","KG_CAP","A","2001",3.101850546,
"ETH","MEATCONSUMP","BEEF","KG_CAP","A","2002",3.500110154,
"ETH","MEATCONSUMP","BEEF","KG_CAP","A","2003",3.264266683,
"ETH","MEATCONSUMP","BEEF","KG_CAP","A","2004",3.152010143,
"ETH","MEATCONSUMP","BEEF","KG_CAP","A","2005",3.195526506,
"ETH","MEATCONSUMP","BEEF","KG_CAP","A","2006",3.320004228,
"ETH","MEATCONSUMP","BEEF","KG_CAP","A","2007",3.137203917,
"ETH","MEATCONSUMP","BEEF","KG_CAP","A","2008",3.198109066,
"ETH","MEATCONSUMP","BEEF","KG_CAP","A","2009",2.907224915,
"ETH","MEATCONSUMP","BEEF","KG_CAP","A","2010",3.345155442,
"ETH","MEATCONSUMP","BEEF","KG_CAP","A","2011",3.185491107,
"ETH","MEATCONSUMP","BEEF","KG_CAP","A","2012",2.556626309,
"ETH","MEATCONSUMP","BEEF","KG_CAP","A","2013",2.512773102,
"ETH","MEATCONSUMP","BEEF","KG_CAP","A","2014",2.625672962,
"ETH","MEATCONSUMP","BEEF","KG_CAP","A","2015",2.512523484,
"ETH","MEATCONSUMP","BEEF","KG_CAP","A","2016",2.38974025,
"ETH","MEATCONSUMP","BEEF","KG_CAP","A","2017",2.318250053,
"IND","MEATCONSUMP","BEEF","KG_CAP","A","1990",1.649950427,
"IND","MEATCONSUMP","BEEF","KG_CAP","A","1991",1.623201831,
"IND","MEATCONSUMP","BEEF","KG_CAP","A","1992",1.616123487,
"IND","MEATCONSUMP","BEEF","KG_CAP","A","1993",1.576238359,
"IND","MEATCONSUMP","BEEF","KG_CAP","A","1994",1.541865641,
"IND","MEATCONSUMP","BEEF","KG_CAP","A","1995",1.487632447,
"IND","MEATCONSUMP","BEEF","KG_CAP","A","1996",1.468338731,
"IND","MEATCONSUMP","BEEF","KG_CAP","A","1997",1.434680463,
"IND","MEATCONSUMP","BEEF","KG_CAP","A","1998",1.427430542,
"IND","MEATCONSUMP","BEEF","KG_CAP","A","1999",1.395950422,
"IND","MEATCONSUMP","BEEF","KG_CAP","A","2000",1.295572106,
"IND","MEATCONSUMP","BEEF","KG_CAP","A","2001",1.306505366,
"IND","MEATCONSUMP","BEEF","KG_CAP","A","2002",1.25370737,
"IND","MEATCONSUMP","BEEF","KG_CAP","A","2003",1.176686619,
"IND","MEATCONSUMP","BEEF","KG_CAP","A","2004",1.152608149,
"IND","MEATCONSUMP","BEEF","KG_CAP","A","2005",1.086021751,
"IND","MEATCONSUMP","BEEF","KG_CAP","A","2006",1.060771904,
"IND","MEATCONSUMP","BEEF","KG_CAP","A","2007",1.06826842,
"IND","MEATCONSUMP","BEEF","KG_CAP","A","2008",1.062657435,
"IND","MEATCONSUMP","BEEF","KG_CAP","A","2009",1.090866753,
"IND","MEATCONSUMP","BEEF","KG_CAP","A","2010",0.933558143,
"IND","MEATCONSUMP","BEEF","KG_CAP","A","2011",0.749297709,
"IND","MEATCONSUMP","BEEF","KG_CAP","A","2012",0.66721884,
"IND","MEATCONSUMP","BEEF","KG_CAP","A","2013",0.454612976,
"IND","MEATCONSUMP","BEEF","KG_CAP","A","2014",0.345773588,
"IND","MEATCONSUMP","BEEF","KG_CAP","A","2015",0.482844701,
"IND","MEATCONSUMP","BEEF","KG_CAP","A","2016",0.530611811,
"IND","MEATCONSUMP","BEEF","KG_CAP","A","2017",0.514396877,
"IDN","MEATCONSUMP","BEEF","KG_CAP","A","1990",1.180016081,
"IDN","MEATCONSUMP","BEEF","KG_CAP","A","1991",1.188433747,
"IDN","MEATCONSUMP","BEEF","KG_CAP","A","1992",1.291629781,
"IDN","MEATCONSUMP","BEEF","KG_CAP","A","1993",1.47474575,
"IDN","MEATCONSUMP","BEEF","KG_CAP","A","1994",1.413390887,
"IDN","MEATCONSUMP","BEEF","KG_CAP","A","1995",1.313608339,
"IDN","MEATCONSUMP","BEEF","KG_CAP","A","1996",1.460436023,
"IDN","MEATCONSUMP","BEEF","KG_CAP","A","1997",1.491703058,
"IDN","MEATCONSUMP","BEEF","KG_CAP","A","1998",1.363488825,
"IDN","MEATCONSUMP","BEEF","KG_CAP","A","1999",1.289389757,
"IDN","MEATCONSUMP","BEEF","KG_CAP","A","2000",1.441307374,
"IDN","MEATCONSUMP","BEEF","KG_CAP","A","2001",1.332838461,
"IDN","MEATCONSUMP","BEEF","KG_CAP","A","2002",1.30438859,
"IDN","MEATCONSUMP","BEEF","KG_CAP","A","2003",1.338206586,
"IDN","MEATCONSUMP","BEEF","KG_CAP","A","2004",1.579145744,
"IDN","MEATCONSUMP","BEEF","KG_CAP","A","2005",1.3123524,
"IDN","MEATCONSUMP","BEEF","KG_CAP","A","2006",1.443007637,
"IDN","MEATCONSUMP","BEEF","KG_CAP","A","2007",1.303035146,
"IDN","MEATCONSUMP","BEEF","KG_CAP","A","2008",1.45356167,
"IDN","MEATCONSUMP","BEEF","KG_CAP","A","2009",1.557428514,
"IDN","MEATCONSUMP","BEEF","KG_CAP","A","2010",1.70188251,
"IDN","MEATCONSUMP","BEEF","KG_CAP","A","2011",1.720784754,
"IDN","MEATCONSUMP","BEEF","KG_CAP","A","2012",1.661209135,
"IDN","MEATCONSUMP","BEEF","KG_CAP","A","2013",1.80090498,
"IDN","MEATCONSUMP","BEEF","KG_CAP","A","2014",1.731643692,
"IDN","MEATCONSUMP","BEEF","KG_CAP","A","2015",1.598556222,
"IDN","MEATCONSUMP","BEEF","KG_CAP","A","2016",1.778986473,
"IDN","MEATCONSUMP","BEEF","KG_CAP","A","2017",1.817940964,
"IRN","MEATCONSUMP","BEEF","KG_CAP","A","1990",4.302123772,
"IRN","MEATCONSUMP","BEEF","KG_CAP","A","1991",3.560051263,
"IRN","MEATCONSUMP","BEEF","KG_CAP","A","1992",3.435799571,
"IRN","MEATCONSUMP","BEEF","KG_CAP","A","1993",3.857932532,
"IRN","MEATCONSUMP","BEEF","KG_CAP","A","1994",3.707844279,
"IRN","MEATCONSUMP","BEEF","KG_CAP","A","1995",3.56982141,
"IRN","MEATCONSUMP","BEEF","KG_CAP","A","1996",4.387568394,
"IRN","MEATCONSUMP","BEEF","KG_CAP","A","1997",4.317400025,
"IRN","MEATCONSUMP","BEEF","KG_CAP","A","1998",4.265250631,
"IRN","MEATCONSUMP","BEEF","KG_CAP","A","1999",3.522535422,
"IRN","MEATCONSUMP","BEEF","KG_CAP","A","2000",3.16296175,
"IRN","MEATCONSUMP","BEEF","KG_CAP","A","2001",3.423320287,
"IRN","MEATCONSUMP","BEEF","KG_CAP","A","2002",3.183127329,
"IRN","MEATCONSUMP","BEEF","KG_CAP","A","2003",3.697638103,
"IRN","MEATCONSUMP","BEEF","KG_CAP","A","2004",4.116145987,
"IRN","MEATCONSUMP","BEEF","KG_CAP","A","2005",3.834853341,
"IRN","MEATCONSUMP","BEEF","KG_CAP","A","2006",4.472241596,
"IRN","MEATCONSUMP","BEEF","KG_CAP","A","2007",4.674370691,
"IRN","MEATCONSUMP","BEEF","KG_CAP","A","2008",3.813492362,
"IRN","MEATCONSUMP","BEEF","KG_CAP","A","2009",3.589448796,
"IRN","MEATCONSUMP","BEEF","KG_CAP","A","2010",4.365962121,
"IRN","MEATCONSUMP","BEEF","KG_CAP","A","2011",4.144610147,
"IRN","MEATCONSUMP","BEEF","KG_CAP","A","2012",3.465464885,
"IRN","MEATCONSUMP","BEEF","KG_CAP","A","2013",2.744672021,
"IRN","MEATCONSUMP","BEEF","KG_CAP","A","2014",2.633904727,
"IRN","MEATCONSUMP","BEEF","KG_CAP","A","2015",2.448150798,
"IRN","MEATCONSUMP","BEEF","KG_CAP","A","2016",2.669774627,
"IRN","MEATCONSUMP","BEEF","KG_CAP","A","2017",2.822846078,
"ISR","MEATCONSUMP","BEEF","KG_CAP","A","1990",9.966018834,
"ISR","MEATCONSUMP","BEEF","KG_CAP","A","1991",12.320117174,
"ISR","MEATCONSUMP","BEEF","KG_CAP","A","1992",10.094049862,
"ISR","MEATCONSUMP","BEEF","KG_CAP","A","1993",10.652014375,
"ISR","MEATCONSUMP","BEEF","KG_CAP","A","1994",13.893728547,
"ISR","MEATCONSUMP","BEEF","KG_CAP","A","1995",12.343442985,
"ISR","MEATCONSUMP","BEEF","KG_CAP","A","1996",13.616140466,
"ISR","MEATCONSUMP","BEEF","KG_CAP","A","1997",14.431481904,
"ISR","MEATCONSUMP","BEEF","KG_CAP","A","1998",13.658681624,
"ISR","MEATCONSUMP","BEEF","KG_CAP","A","1999",13.467696819,
"ISR","MEATCONSUMP","BEEF","KG_CAP","A","2000",16.549079824,
"ISR","MEATCONSUMP","BEEF","KG_CAP","A","2001",15.178044216,
"ISR","MEATCONSUMP","BEEF","KG_CAP","A","2002",17.787867134,
"ISR","MEATCONSUMP","BEEF","KG_CAP","A","2003",18.342168994,
"ISR","MEATCONSUMP","BEEF","KG_CAP","A","2004",18.374709053,
"ISR","MEATCONSUMP","BEEF","KG_CAP","A","2005",16.869843388,
"ISR","MEATCONSUMP","BEEF","KG_CAP","A","2006",21.966892297,
"ISR","MEATCONSUMP","BEEF","KG_CAP","A","2007",19.938212753,
"ISR","MEATCONSUMP","BEEF","KG_CAP","A","2008",23.445153866,
"ISR","MEATCONSUMP","BEEF","KG_CAP","A","2009",17.854493861,
"ISR","MEATCONSUMP","BEEF","KG_CAP","A","2010",18.893040284,
"ISR","MEATCONSUMP","BEEF","KG_CAP","A","2011",19.680604321,
"ISR","MEATCONSUMP","BEEF","KG_CAP","A","2012",19.433256761,
"ISR","MEATCONSUMP","BEEF","KG_CAP","A","2013",20.65271771,
"ISR","MEATCONSUMP","BEEF","KG_CAP","A","2014",18.167431097,
"ISR","MEATCONSUMP","BEEF","KG_CAP","A","2015",18.457517976,
"ISR","MEATCONSUMP","BEEF","KG_CAP","A","2016",19.323211109,
"ISR","MEATCONSUMP","BEEF","KG_CAP","A","2017",19.270854703,
"KAZ","MEATCONSUMP","BEEF","KG_CAP","A","1992",25.195179654,
"KAZ","MEATCONSUMP","BEEF","KG_CAP","A","1993",27.850598118,
"KAZ","MEATCONSUMP","BEEF","KG_CAP","A","1994",26.532235696,
"KAZ","MEATCONSUMP","BEEF","KG_CAP","A","1995",22.512764082,
"KAZ","MEATCONSUMP","BEEF","KG_CAP","A","1996",19.449621358,
"KAZ","MEATCONSUMP","BEEF","KG_CAP","A","1997",16.361266878,
"KAZ","MEATCONSUMP","BEEF","KG_CAP","A","1998",15.68913543,
"KAZ","MEATCONSUMP","BEEF","KG_CAP","A","1999",15.7253579,
"KAZ","MEATCONSUMP","BEEF","KG_CAP","A","2000",14.421889485,
"KAZ","MEATCONSUMP","BEEF","KG_CAP","A","2001",13.512658046,
"KAZ","MEATCONSUMP","BEEF","KG_CAP","A","2002",13.891058009,
"KAZ","MEATCONSUMP","BEEF","KG_CAP","A","2003",14.58459825,
"KAZ","MEATCONSUMP","BEEF","KG_CAP","A","2004",15.742190944,
"KAZ","MEATCONSUMP","BEEF","KG_CAP","A","2005",16.79973382,
"KAZ","MEATCONSUMP","BEEF","KG_CAP","A","2006",18.090732095,
"KAZ","MEATCONSUMP","BEEF","KG_CAP","A","2007",19.274063583,
"KAZ","MEATCONSUMP","BEEF","KG_CAP","A","2008",19.536720378,
"KAZ","MEATCONSUMP","BEEF","KG_CAP","A","2009",18.666945647,
"KAZ","MEATCONSUMP","BEEF","KG_CAP","A","2010",18.486338832,
"KAZ","MEATCONSUMP","BEEF","KG_CAP","A","2011",17.175514148,
"KAZ","MEATCONSUMP","BEEF","KG_CAP","A","2012",16.532608516,
"KAZ","MEATCONSUMP","BEEF","KG_CAP","A","2013",16.780957513,
"KAZ","MEATCONSUMP","BEEF","KG_CAP","A","2014",17.090237887,
"KAZ","MEATCONSUMP","BEEF","KG_CAP","A","2015",17.175196916,
"KAZ","MEATCONSUMP","BEEF","KG_CAP","A","2016",17.052068253,
"KAZ","MEATCONSUMP","BEEF","KG_CAP","A","2017",17.210363405,
"MYS","MEATCONSUMP","BEEF","KG_CAP","A","1990",2.5836509,
"MYS","MEATCONSUMP","BEEF","KG_CAP","A","1991",2.911636506,
"MYS","MEATCONSUMP","BEEF","KG_CAP","A","1992",2.948790491,
"MYS","MEATCONSUMP","BEEF","KG_CAP","A","1993",3.000506117,
"MYS","MEATCONSUMP","BEEF","KG_CAP","A","1994",3.235142513,
"MYS","MEATCONSUMP","BEEF","KG_CAP","A","1995",3.530365987,
"MYS","MEATCONSUMP","BEEF","KG_CAP","A","1996",3.826191087,
"MYS","MEATCONSUMP","BEEF","KG_CAP","A","1997",3.743433412,
"MYS","MEATCONSUMP","BEEF","KG_CAP","A","1998",3.275807558,
"MYS","MEATCONSUMP","BEEF","KG_CAP","A","1999",3.548618688,
"MYS","MEATCONSUMP","BEEF","KG_CAP","A","2000",4.125382583,
"MYS","MEATCONSUMP","BEEF","KG_CAP","A","2001",4.138553364,
"MYS","MEATCONSUMP","BEEF","KG_CAP","A","2002",4.235328517,
"MYS","MEATCONSUMP","BEEF","KG_CAP","A","2003",4.358547543,
"MYS","MEATCONSUMP","BEEF","KG_CAP","A","2004",5.188891489,
"MYS","MEATCONSUMP","BEEF","KG_CAP","A","2005",5.024679895,
"MYS","MEATCONSUMP","BEEF","KG_CAP","A","2006",4.719854094,
"MYS","MEATCONSUMP","BEEF","KG_CAP","A","2007",4.537496481,
"MYS","MEATCONSUMP","BEEF","KG_CAP","A","2008",4.0076306,
"MYS","MEATCONSUMP","BEEF","KG_CAP","A","2009",4.219415942,
"MYS","MEATCONSUMP","BEEF","KG_CAP","A","2010",4.152647001,
"MYS","MEATCONSUMP","BEEF","KG_CAP","A","2011",4.379979952,
"MYS","MEATCONSUMP","BEEF","KG_CAP","A","2012",4.411846874,
"MYS","MEATCONSUMP","BEEF","KG_CAP","A","2013",4.823069495,
"MYS","MEATCONSUMP","BEEF","KG_CAP","A","2014",4.871680917,
"MYS","MEATCONSUMP","BEEF","KG_CAP","A","2015",5.377274189,
"MYS","MEATCONSUMP","BEEF","KG_CAP","A","2016",5.028273606,
"MYS","MEATCONSUMP","BEEF","KG_CAP","A","2017",4.816551191,
"NGA","MEATCONSUMP","BEEF","KG_CAP","A","1990",1.501337992,
"NGA","MEATCONSUMP","BEEF","KG_CAP","A","1991",1.473480256,
"NGA","MEATCONSUMP","BEEF","KG_CAP","A","1992",1.469419558,
"NGA","MEATCONSUMP","BEEF","KG_CAP","A","1993",1.665247649,
"NGA","MEATCONSUMP","BEEF","KG_CAP","A","1994",1.761043238,
"NGA","MEATCONSUMP","BEEF","KG_CAP","A","1995",1.730457688,
"NGA","MEATCONSUMP","BEEF","KG_CAP","A","1996",1.776288623,
"NGA","MEATCONSUMP","BEEF","KG_CAP","A","1997",1.819841547,
"NGA","MEATCONSUMP","BEEF","KG_CAP","A","1998",1.794525785,
"NGA","MEATCONSUMP","BEEF","KG_CAP","A","1999",1.753300371,
"NGA","MEATCONSUMP","BEEF","KG_CAP","A","2000",1.597273181,
"NGA","MEATCONSUMP","BEEF","KG_CAP","A","2001",1.775210921,
"NGA","MEATCONSUMP","BEEF","KG_CAP","A","2002",1.957929726,
"NGA","MEATCONSUMP","BEEF","KG_CAP","A","2003",1.640070094,
"NGA","MEATCONSUMP","BEEF","KG_CAP","A","2004",1.679863025,
"NGA","MEATCONSUMP","BEEF","KG_CAP","A","2005",1.545145401,
"NGA","MEATCONSUMP","BEEF","KG_CAP","A","2006",1.275166389,
"NGA","MEATCONSUMP","BEEF","KG_CAP","A","2007",1.568052761,
"NGA","MEATCONSUMP","BEEF","KG_CAP","A","2008",1.528135363,
"NGA","MEATCONSUMP","BEEF","KG_CAP","A","2009",1.499907854,
"NGA","MEATCONSUMP","BEEF","KG_CAP","A","2010",1.100049073,
"NGA","MEATCONSUMP","BEEF","KG_CAP","A","2011",1.233274582,
"NGA","MEATCONSUMP","BEEF","KG_CAP","A","2012",1.213942748,
"NGA","MEATCONSUMP","BEEF","KG_CAP","A","2013",1.54368399,
"NGA","MEATCONSUMP","BEEF","KG_CAP","A","2014",1.521636872,
"NGA","MEATCONSUMP","BEEF","KG_CAP","A","2015",1.493516851,
"NGA","MEATCONSUMP","BEEF","KG_CAP","A","2016",1.443993626,
"NGA","MEATCONSUMP","BEEF","KG_CAP","A","2017",1.403656521,
"PAK","MEATCONSUMP","BEEF","KG_CAP","A","1990",4.33437912,
"PAK","MEATCONSUMP","BEEF","KG_CAP","A","1991",4.398330746,
"PAK","MEATCONSUMP","BEEF","KG_CAP","A","1992",4.497811547,
"PAK","MEATCONSUMP","BEEF","KG_CAP","A","1993",4.60255315,
"PAK","MEATCONSUMP","BEEF","KG_CAP","A","1994",4.716032291,
"PAK","MEATCONSUMP","BEEF","KG_CAP","A","1995",4.825725876,
"PAK","MEATCONSUMP","BEEF","KG_CAP","A","1996",3.984155363,
"PAK","MEATCONSUMP","BEEF","KG_CAP","A","1997",4.483575072,
"PAK","MEATCONSUMP","BEEF","KG_CAP","A","1998",4.477268099,
"PAK","MEATCONSUMP","BEEF","KG_CAP","A","1999",4.480830617,
"PAK","MEATCONSUMP","BEEF","KG_CAP","A","2000",4.473677904,
"PAK","MEATCONSUMP","BEEF","KG_CAP","A","2001",4.458064454,
"PAK","MEATCONSUMP","BEEF","KG_CAP","A","2002",4.495468264,
"PAK","MEATCONSUMP","BEEF","KG_CAP","A","2003",4.509799751,
"PAK","MEATCONSUMP","BEEF","KG_CAP","A","2004",4.537503026,
"PAK","MEATCONSUMP","BEEF","KG_CAP","A","2005",4.567524357,
"PAK","MEATCONSUMP","BEEF","KG_CAP","A","2006",5.816875482,
"PAK","MEATCONSUMP","BEEF","KG_CAP","A","2007",5.862605713,
"PAK","MEATCONSUMP","BEEF","KG_CAP","A","2008",5.886912989,
"PAK","MEATCONSUMP","BEEF","KG_CAP","A","2009",5.945285955,
"PAK","MEATCONSUMP","BEEF","KG_CAP","A","2010",6.007950712,
"PAK","MEATCONSUMP","BEEF","KG_CAP","A","2011",6.091845748,
"PAK","MEATCONSUMP","BEEF","KG_CAP","A","2012",6.155280152,
"PAK","MEATCONSUMP","BEEF","KG_CAP","A","2013",6.253958418,
"PAK","MEATCONSUMP","BEEF","KG_CAP","A","2014",6.2984385,
"PAK","MEATCONSUMP","BEEF","KG_CAP","A","2015",6.249151013,
"PAK","MEATCONSUMP","BEEF","KG_CAP","A","2016",6.265848722,
"PAK","MEATCONSUMP","BEEF","KG_CAP","A","2017",6.247618319,
"PRY","MEATCONSUMP","BEEF","KG_CAP","A","1990",14.26036205,
"PRY","MEATCONSUMP","BEEF","KG_CAP","A","1991",28.434027296,
"PRY","MEATCONSUMP","BEEF","KG_CAP","A","1992",31.768580998,
"PRY","MEATCONSUMP","BEEF","KG_CAP","A","1993",29.730635208,
"PRY","MEATCONSUMP","BEEF","KG_CAP","A","1994",29.123753308,
"PRY","MEATCONSUMP","BEEF","KG_CAP","A","1995",29.970544346,
"PRY","MEATCONSUMP","BEEF","KG_CAP","A","1996",28.547203478,
"PRY","MEATCONSUMP","BEEF","KG_CAP","A","1997",27.789240659,
"PRY","MEATCONSUMP","BEEF","KG_CAP","A","1998",26.481067696,
"PRY","MEATCONSUMP","BEEF","KG_CAP","A","1999",30.244079755,
"PRY","MEATCONSUMP","BEEF","KG_CAP","A","2000",24.951413383,
"PRY","MEATCONSUMP","BEEF","KG_CAP","A","2001",22.474997274,
"PRY","MEATCONSUMP","BEEF","KG_CAP","A","2002",27.415931518,
"PRY","MEATCONSUMP","BEEF","KG_CAP","A","2003",22.701784442,
"PRY","MEATCONSUMP","BEEF","KG_CAP","A","2004",13.303931595,
"PRY","MEATCONSUMP","BEEF","KG_CAP","A","2005",8.611759344,
"PRY","MEATCONSUMP","BEEF","KG_CAP","A","2006",21.248348445,
"PRY","MEATCONSUMP","BEEF","KG_CAP","A","2007",23.652593502,
"PRY","MEATCONSUMP","BEEF","KG_CAP","A","2008",28.415486265,
"PRY","MEATCONSUMP","BEEF","KG_CAP","A","2009",31.536815927,
"PRY","MEATCONSUMP","BEEF","KG_CAP","A","2010",25.868609701,
"PRY","MEATCONSUMP","BEEF","KG_CAP","A","2011",22.231182485,
"PRY","MEATCONSUMP","BEEF","KG_CAP","A","2012",25.258394899,
"PRY","MEATCONSUMP","BEEF","KG_CAP","A","2013",22.905633109,
"PRY","MEATCONSUMP","BEEF","KG_CAP","A","2014",22.686566212,
"PRY","MEATCONSUMP","BEEF","KG_CAP","A","2015",25.20799104,
"PRY","MEATCONSUMP","BEEF","KG_CAP","A","2016",26.263527598,
"PRY","MEATCONSUMP","BEEF","KG_CAP","A","2017",27.336936464,
"PHL","MEATCONSUMP","BEEF","KG_CAP","A","1990",1.567176878,
"PHL","MEATCONSUMP","BEEF","KG_CAP","A","1991",1.538373122,
"PHL","MEATCONSUMP","BEEF","KG_CAP","A","1992",1.59997961,
"PHL","MEATCONSUMP","BEEF","KG_CAP","A","1993",1.686350025,
"PHL","MEATCONSUMP","BEEF","KG_CAP","A","1994",1.855206757,
"PHL","MEATCONSUMP","BEEF","KG_CAP","A","1995",2.117490948,
"PHL","MEATCONSUMP","BEEF","KG_CAP","A","1996",2.344585336,
"PHL","MEATCONSUMP","BEEF","KG_CAP","A","1997",2.69320491,
"PHL","MEATCONSUMP","BEEF","KG_CAP","A","1998",2.634640456,
"PHL","MEATCONSUMP","BEEF","KG_CAP","A","1999",3.170412566,
"PHL","MEATCONSUMP","BEEF","KG_CAP","A","2000",3.365191609,
"PHL","MEATCONSUMP","BEEF","KG_CAP","A","2001",3.148376686,
"PHL","MEATCONSUMP","BEEF","KG_CAP","A","2002",3.187435399,
"PHL","MEATCONSUMP","BEEF","KG_CAP","A","2003",3.179650948,
"PHL","MEATCONSUMP","BEEF","KG_CAP","A","2004",3.387836034,
"PHL","MEATCONSUMP","BEEF","KG_CAP","A","2005",3.061449026,
"PHL","MEATCONSUMP","BEEF","KG_CAP","A","2006",3.010595379,
"PHL","MEATCONSUMP","BEEF","KG_CAP","A","2007",3.362503404,
"PHL","MEATCONSUMP","BEEF","KG_CAP","A","2008",3.320276096,
"PHL","MEATCONSUMP","BEEF","KG_CAP","A","2009",3.054671928,
"PHL","MEATCONSUMP","BEEF","KG_CAP","A","2010",3.185336607,
"PHL","MEATCONSUMP","BEEF","KG_CAP","A","2011",3.480197146,
"PHL","MEATCONSUMP","BEEF","KG_CAP","A","2012",2.931331085,
"PHL","MEATCONSUMP","BEEF","KG_CAP","A","2013",2.852962196,
"PHL","MEATCONSUMP","BEEF","KG_CAP","A","2014",3.069617615,
"PHL","MEATCONSUMP","BEEF","KG_CAP","A","2015",3.005934819,
"PHL","MEATCONSUMP","BEEF","KG_CAP","A","2016",3.120949035,
"PHL","MEATCONSUMP","BEEF","KG_CAP","A","2017",3.122439143,
"RUS","MEATCONSUMP","BEEF","KG_CAP","A","1990",0.000000474,
"RUS","MEATCONSUMP","BEEF","KG_CAP","A","1991",0.000000473,
"RUS","MEATCONSUMP","BEEF","KG_CAP","A","1992",20.194400984,
"RUS","MEATCONSUMP","BEEF","KG_CAP","A","1993",18.893680718,
"RUS","MEATCONSUMP","BEEF","KG_CAP","A","1994",17.946713017,
"RUS","MEATCONSUMP","BEEF","KG_CAP","A","1995",15.598935062,
"RUS","MEATCONSUMP","BEEF","KG_CAP","A","1996",15.136675044,
"RUS","MEATCONSUMP","BEEF","KG_CAP","A","1997",15.250959693,
"RUS","MEATCONSUMP","BEEF","KG_CAP","A","1998",14.000665323,
"RUS","MEATCONSUMP","BEEF","KG_CAP","A","1999",11.94999192,
"RUS","MEATCONSUMP","BEEF","KG_CAP","A","2000",10.310738516,
"RUS","MEATCONSUMP","BEEF","KG_CAP","A","2001",11.269002414,
"RUS","MEATCONSUMP","BEEF","KG_CAP","A","2002",12.004763977,
"RUS","MEATCONSUMP","BEEF","KG_CAP","A","2003",12.222690204,
"RUS","MEATCONSUMP","BEEF","KG_CAP","A","2004",12.088478341,
"RUS","MEATCONSUMP","BEEF","KG_CAP","A","2005",12.600114219,
"RUS","MEATCONSUMP","BEEF","KG_CAP","A","2006",11.929810734,
"RUS","MEATCONSUMP","BEEF","KG_CAP","A","2007",12.366176518,
"RUS","MEATCONSUMP","BEEF","KG_CAP","A","2008",14.15883779,
"RUS","MEATCONSUMP","BEEF","KG_CAP","A","2009",12.853870535,
"RUS","MEATCONSUMP","BEEF","KG_CAP","A","2010",13.214076519,
"RUS","MEATCONSUMP","BEEF","KG_CAP","A","2011",13.482478254,
"RUS","MEATCONSUMP","BEEF","KG_CAP","A","2012",14.036651583,
"RUS","MEATCONSUMP","BEEF","KG_CAP","A","2013",12.35988144,
"RUS","MEATCONSUMP","BEEF","KG_CAP","A","2014",12.166719729,
"RUS","MEATCONSUMP","BEEF","KG_CAP","A","2015",11.410124711,
"RUS","MEATCONSUMP","BEEF","KG_CAP","A","2016",10.832768698,
"RUS","MEATCONSUMP","BEEF","KG_CAP","A","2017",10.714651752,
"SAU","MEATCONSUMP","BEEF","KG_CAP","A","1990",3.01706841,
"SAU","MEATCONSUMP","BEEF","KG_CAP","A","1991",3.451533157,
"SAU","MEATCONSUMP","BEEF","KG_CAP","A","1992",3.532106277,
"SAU","MEATCONSUMP","BEEF","KG_CAP","A","1993",1.987030508,
"SAU","MEATCONSUMP","BEEF","KG_CAP","A","1994",2.096590013,
"SAU","MEATCONSUMP","BEEF","KG_CAP","A","1995",3.611378737,
"SAU","MEATCONSUMP","BEEF","KG_CAP","A","1996",2.456750818,
"SAU","MEATCONSUMP","BEEF","KG_CAP","A","1997",2.318383904,
"SAU","MEATCONSUMP","BEEF","KG_CAP","A","1998",2.886823397,
"SAU","MEATCONSUMP","BEEF","KG_CAP","A","1999",2.063883182,
"SAU","MEATCONSUMP","BEEF","KG_CAP","A","2000",2.799659565,
"SAU","MEATCONSUMP","BEEF","KG_CAP","A","2001",1.769159674,
"SAU","MEATCONSUMP","BEEF","KG_CAP","A","2002",2.660804029,
"SAU","MEATCONSUMP","BEEF","KG_CAP","A","2003",2.508302382,
"SAU","MEATCONSUMP","BEEF","KG_CAP","A","2004",3.154461458,
"SAU","MEATCONSUMP","BEEF","KG_CAP","A","2005",3.012594037,
"SAU","MEATCONSUMP","BEEF","KG_CAP","A","2006",3.776391079,
"SAU","MEATCONSUMP","BEEF","KG_CAP","A","2007",4.064990321,
"SAU","MEATCONSUMP","BEEF","KG_CAP","A","2008",3.884909817,
"SAU","MEATCONSUMP","BEEF","KG_CAP","A","2009",4.15098451,
"SAU","MEATCONSUMP","BEEF","KG_CAP","A","2010",4.375318247,
"SAU","MEATCONSUMP","BEEF","KG_CAP","A","2011",4.410240371,
"SAU","MEATCONSUMP","BEEF","KG_CAP","A","2012",4.494178424,
"SAU","MEATCONSUMP","BEEF","KG_CAP","A","2013",4.193947915,
"SAU","MEATCONSUMP","BEEF","KG_CAP","A","2014",4.14036168,
"SAU","MEATCONSUMP","BEEF","KG_CAP","A","2015",3.978035704,
"SAU","MEATCONSUMP","BEEF","KG_CAP","A","2016",3.598650817,
"SAU","MEATCONSUMP","BEEF","KG_CAP","A","2017",3.487399972,
"ZAF","MEATCONSUMP","BEEF","KG_CAP","A","1990",13.39971699,
"ZAF","MEATCONSUMP","BEEF","KG_CAP","A","1991",13.494496086,
"ZAF","MEATCONSUMP","BEEF","KG_CAP","A","1992",12.769246091,
"ZAF","MEATCONSUMP","BEEF","KG_CAP","A","1993",11.516073841,
"ZAF","MEATCONSUMP","BEEF","KG_CAP","A","1994",9.968730014,
"ZAF","MEATCONSUMP","BEEF","KG_CAP","A","1995",9.829360193,
"ZAF","MEATCONSUMP","BEEF","KG_CAP","A","1996",9.349978904,
"ZAF","MEATCONSUMP","BEEF","KG_CAP","A","1997",8.979088577,
"ZAF","MEATCONSUMP","BEEF","KG_CAP","A","1998",8.834381429,
"ZAF","MEATCONSUMP","BEEF","KG_CAP","A","1999",10.424158252,
"ZAF","MEATCONSUMP","BEEF","KG_CAP","A","2000",8.495834382,
"ZAF","MEATCONSUMP","BEEF","KG_CAP","A","2001",9.25522865,
"ZAF","MEATCONSUMP","BEEF","KG_CAP","A","2002",9.161930174,
"ZAF","MEATCONSUMP","BEEF","KG_CAP","A","2003",9.020640251,
"ZAF","MEATCONSUMP","BEEF","KG_CAP","A","2004",9.622305963,
"ZAF","MEATCONSUMP","BEEF","KG_CAP","A","2005",10.383847377,
"ZAF","MEATCONSUMP","BEEF","KG_CAP","A","2006",11.646541788,
"ZAF","MEATCONSUMP","BEEF","KG_CAP","A","2007",11.553596768,
"ZAF","MEATCONSUMP","BEEF","KG_CAP","A","2008",10.899329673,
"ZAF","MEATCONSUMP","BEEF","KG_CAP","A","2009",10.670363182,
"ZAF","MEATCONSUMP","BEEF","KG_CAP","A","2010",11.498415761,
"ZAF","MEATCONSUMP","BEEF","KG_CAP","A","2011",11.131841149,
"ZAF","MEATCONSUMP","BEEF","KG_CAP","A","2012",11.134408001,
"ZAF","MEATCONSUMP","BEEF","KG_CAP","A","2013",12.267844096,
"ZAF","MEATCONSUMP","BEEF","KG_CAP","A","2014",12.655539783,
"ZAF","MEATCONSUMP","BEEF","KG_CAP","A","2015",12.532983159,
"ZAF","MEATCONSUMP","BEEF","KG_CAP","A","2016",11.52463656,
"ZAF","MEATCONSUMP","BEEF","KG_CAP","A","2017",10.737484897,
"THA","MEATCONSUMP","BEEF","KG_CAP","A","1990",3.914883218,
"THA","MEATCONSUMP","BEEF","KG_CAP","A","1991",3.898826759,
"THA","MEATCONSUMP","BEEF","KG_CAP","A","1992",3.826710352,
"THA","MEATCONSUMP","BEEF","KG_CAP","A","1993",4.044536513,
"THA","MEATCONSUMP","BEEF","KG_CAP","A","1994",3.257462464,
"THA","MEATCONSUMP","BEEF","KG_CAP","A","1995",4.224395275,
"THA","MEATCONSUMP","BEEF","KG_CAP","A","1996",3.76000722,
"THA","MEATCONSUMP","BEEF","KG_CAP","A","1997",3.27129519,
"THA","MEATCONSUMP","BEEF","KG_CAP","A","1998",2.863456063,
"THA","MEATCONSUMP","BEEF","KG_CAP","A","1999",2.564354404,
"THA","MEATCONSUMP","BEEF","KG_CAP","A","2000",2.455882853,
"THA","MEATCONSUMP","BEEF","KG_CAP","A","2001",2.546154524,
"THA","MEATCONSUMP","BEEF","KG_CAP","A","2002",2.61333869,
"THA","MEATCONSUMP","BEEF","KG_CAP","A","2003",2.67766513,
"THA","MEATCONSUMP","BEEF","KG_CAP","A","2004",2.839094002,
"THA","MEATCONSUMP","BEEF","KG_CAP","A","2005",3.307581179,
"THA","MEATCONSUMP","BEEF","KG_CAP","A","2006",3.071754304,
"THA","MEATCONSUMP","BEEF","KG_CAP","A","2007",1.947346303,
"THA","MEATCONSUMP","BEEF","KG_CAP","A","2008",2.145618146,
"THA","MEATCONSUMP","BEEF","KG_CAP","A","2009",2.144056629,
"THA","MEATCONSUMP","BEEF","KG_CAP","A","2010",2.202452443,
"THA","MEATCONSUMP","BEEF","KG_CAP","A","2011",1.964476001,
"THA","MEATCONSUMP","BEEF","KG_CAP","A","2012",1.984689306,
"THA","MEATCONSUMP","BEEF","KG_CAP","A","2013",1.837186274,
"THA","MEATCONSUMP","BEEF","KG_CAP","A","2014",1.773113796,
"THA","MEATCONSUMP","BEEF","KG_CAP","A","2015",1.695618203,
"THA","MEATCONSUMP","BEEF","KG_CAP","A","2016",1.700520008,
"THA","MEATCONSUMP","BEEF","KG_CAP","A","2017",1.733841318,
"UKR","MEATCONSUMP","BEEF","KG_CAP","A","1992",20.715781351,
"UKR","MEATCONSUMP","BEEF","KG_CAP","A","1993",17.543650772,
"UKR","MEATCONSUMP","BEEF","KG_CAP","A","1994",15.857189248,
"UKR","MEATCONSUMP","BEEF","KG_CAP","A","1995",13.498505431,
"UKR","MEATCONSUMP","BEEF","KG_CAP","A","1996",11.023225115,
"UKR","MEATCONSUMP","BEEF","KG_CAP","A","1997",10.918842424,
"UKR","MEATCONSUMP","BEEF","KG_CAP","A","1998",9.585837976,
"UKR","MEATCONSUMP","BEEF","KG_CAP","A","1999",9.210227007,
"UKR","MEATCONSUMP","BEEF","KG_CAP","A","2000",9.021583995,
"UKR","MEATCONSUMP","BEEF","KG_CAP","A","2001",7.691701569,
"UKR","MEATCONSUMP","BEEF","KG_CAP","A","2002",8.512512457,
"UKR","MEATCONSUMP","BEEF","KG_CAP","A","2003",8.49524354,
"UKR","MEATCONSUMP","BEEF","KG_CAP","A","2004",8.004220334,
"UKR","MEATCONSUMP","BEEF","KG_CAP","A","2005",8.249179029,
"UKR","MEATCONSUMP","BEEF","KG_CAP","A","2006",8.840774573,
"UKR","MEATCONSUMP","BEEF","KG_CAP","A","2007",7.998382003,
"UKR","MEATCONSUMP","BEEF","KG_CAP","A","2008",7.584932116,
"UKR","MEATCONSUMP","BEEF","KG_CAP","A","2009",6.798283977,
"UKR","MEATCONSUMP","BEEF","KG_CAP","A","2010",6.420068126,
"UKR","MEATCONSUMP","BEEF","KG_CAP","A","2011",6.11219813,
"UKR","MEATCONSUMP","BEEF","KG_CAP","A","2012",5.95413744,
"UKR","MEATCONSUMP","BEEF","KG_CAP","A","2013",6.501996378,
"UKR","MEATCONSUMP","BEEF","KG_CAP","A","2014",6.210097816,
"UKR","MEATCONSUMP","BEEF","KG_CAP","A","2015",6.048463786,
"UKR","MEATCONSUMP","BEEF","KG_CAP","A","2016",5.726320143,
"UKR","MEATCONSUMP","BEEF","KG_CAP","A","2017",5.437229998,
"VNM","MEATCONSUMP","BEEF","KG_CAP","A","1990",1.686291578,
"VNM","MEATCONSUMP","BEEF","KG_CAP","A","1991",1.661251233,
"VNM","MEATCONSUMP","BEEF","KG_CAP","A","1992",1.70169108,
"VNM","MEATCONSUMP","BEEF","KG_CAP","A","1993",1.647731748,
"VNM","MEATCONSUMP","BEEF","KG_CAP","A","1994",1.663702464,
"VNM","MEATCONSUMP","BEEF","KG_CAP","A","1995",1.67504322,
"VNM","MEATCONSUMP","BEEF","KG_CAP","A","1996",1.609476404,
"VNM","MEATCONSUMP","BEEF","KG_CAP","A","1997",1.4847602,
"VNM","MEATCONSUMP","BEEF","KG_CAP","A","1998",1.456910706,
"VNM","MEATCONSUMP","BEEF","KG_CAP","A","1999",1.576679236,
"VNM","MEATCONSUMP","BEEF","KG_CAP","A","2000",1.61094352,
"VNM","MEATCONSUMP","BEEF","KG_CAP","A","2001",1.678631225,
"VNM","MEATCONSUMP","BEEF","KG_CAP","A","2002",1.719865717,
"VNM","MEATCONSUMP","BEEF","KG_CAP","A","2003",1.736243568,
"VNM","MEATCONSUMP","BEEF","KG_CAP","A","2004",1.881286989,
"VNM","MEATCONSUMP","BEEF","KG_CAP","A","2005",2.194973614,
"VNM","MEATCONSUMP","BEEF","KG_CAP","A","2006",2.377141036,
"VNM","MEATCONSUMP","BEEF","KG_CAP","A","2007",3.316405935,
"VNM","MEATCONSUMP","BEEF","KG_CAP","A","2008",4.194900301,
"VNM","MEATCONSUMP","BEEF","KG_CAP","A","2009",4.965473634,
"VNM","MEATCONSUMP","BEEF","KG_CAP","A","2010",4.643305398,
"VNM","MEATCONSUMP","BEEF","KG_CAP","A","2011",6.395703188,
"VNM","MEATCONSUMP","BEEF","KG_CAP","A","2012",6.626706035,
"VNM","MEATCONSUMP","BEEF","KG_CAP","A","2013",8.515542021,
"VNM","MEATCONSUMP","BEEF","KG_CAP","A","2014",10.133640123,
"VNM","MEATCONSUMP","BEEF","KG_CAP","A","2015",9.787617042,
"VNM","MEATCONSUMP","BEEF","KG_CAP","A","2016",9.700085448,
"VNM","MEATCONSUMP","BEEF","KG_CAP","A","2017",9.93282521,
"WLD","MEATCONSUMP","BEEF","KG_CAP","A","1990",6.514231254,
"WLD","MEATCONSUMP","BEEF","KG_CAP","A","1991",6.610210036,
"WLD","MEATCONSUMP","BEEF","KG_CAP","A","1992",6.890578415,
"WLD","MEATCONSUMP","BEEF","KG_CAP","A","1993",6.795100451,
"WLD","MEATCONSUMP","BEEF","KG_CAP","A","1994",6.876731918,
"WLD","MEATCONSUMP","BEEF","KG_CAP","A","1995",6.831643512,
"WLD","MEATCONSUMP","BEEF","KG_CAP","A","1996",6.748369429,
"WLD","MEATCONSUMP","BEEF","KG_CAP","A","1997",6.812950284,
"WLD","MEATCONSUMP","BEEF","KG_CAP","A","1998",6.746765539,
"WLD","MEATCONSUMP","BEEF","KG_CAP","A","1999",6.792175959,
"WLD","MEATCONSUMP","BEEF","KG_CAP","A","2000",6.708744287,
"WLD","MEATCONSUMP","BEEF","KG_CAP","A","2001",6.501346866,
"WLD","MEATCONSUMP","BEEF","KG_CAP","A","2002",6.682826551,
"WLD","MEATCONSUMP","BEEF","KG_CAP","A","2003",6.630166354,
"WLD","MEATCONSUMP","BEEF","KG_CAP","A","2004",6.666880196,
"WLD","MEATCONSUMP","BEEF","KG_CAP","A","2005",6.665174195,
"WLD","MEATCONSUMP","BEEF","KG_CAP","A","2006",6.809570506,
"WLD","MEATCONSUMP","BEEF","KG_CAP","A","2007",6.889891203,
"WLD","MEATCONSUMP","BEEF","KG_CAP","A","2008",6.738349348,
"WLD","MEATCONSUMP","BEEF","KG_CAP","A","2009",6.625216541,
"WLD","MEATCONSUMP","BEEF","KG_CAP","A","2010",6.579511097,
"WLD","MEATCONSUMP","BEEF","KG_CAP","A","2011",6.428106967,
"WLD","MEATCONSUMP","BEEF","KG_CAP","A","2012",6.429576466,
"WLD","MEATCONSUMP","BEEF","KG_CAP","A","2013",6.478063046,
"WLD","MEATCONSUMP","BEEF","KG_CAP","A","2014",6.36468168,
"WLD","MEATCONSUMP","BEEF","KG_CAP","A","2015",6.33904533,
"WLD","MEATCONSUMP","BEEF","KG_CAP","A","2016",6.378674575,
"WLD","MEATCONSUMP","BEEF","KG_CAP","A","2017",6.410809303,
"OECD","MEATCONSUMP","BEEF","KG_CAP","A","1990",15.174885516,
"OECD","MEATCONSUMP","BEEF","KG_CAP","A","1991",15.855693368,
"OECD","MEATCONSUMP","BEEF","KG_CAP","A","1992",15.815822804,
"OECD","MEATCONSUMP","BEEF","KG_CAP","A","1993",15.710804615,
"OECD","MEATCONSUMP","BEEF","KG_CAP","A","1994",16.19867004,
"OECD","MEATCONSUMP","BEEF","KG_CAP","A","1995",15.93800732,
"OECD","MEATCONSUMP","BEEF","KG_CAP","A","1996",15.689011199,
"OECD","MEATCONSUMP","BEEF","KG_CAP","A","1997",15.788587419,
"OECD","MEATCONSUMP","BEEF","KG_CAP","A","1998",16.003253087,
"OECD","MEATCONSUMP","BEEF","KG_CAP","A","1999",16.239793742,
"OECD","MEATCONSUMP","BEEF","KG_CAP","A","2000",16.034345375,
"OECD","MEATCONSUMP","BEEF","KG_CAP","A","2001",15.371485062,
"OECD","MEATCONSUMP","BEEF","KG_CAP","A","2002",15.929380861,
"OECD","MEATCONSUMP","BEEF","KG_CAP","A","2003",15.555328859,
"OECD","MEATCONSUMP","BEEF","KG_CAP","A","2004",15.73909398,
"OECD","MEATCONSUMP","BEEF","KG_CAP","A","2005",15.490889986,
"OECD","MEATCONSUMP","BEEF","KG_CAP","A","2006",15.530331201,
"OECD","MEATCONSUMP","BEEF","KG_CAP","A","2007",15.629574699,
"OECD","MEATCONSUMP","BEEF","KG_CAP","A","2008",15.155771335,
"OECD","MEATCONSUMP","BEEF","KG_CAP","A","2009",14.808664866,
"OECD","MEATCONSUMP","BEEF","KG_CAP","A","2010",14.796897984,
"OECD","MEATCONSUMP","BEEF","KG_CAP","A","2011",14.349015366,
"OECD","MEATCONSUMP","BEEF","KG_CAP","A","2012",14.248748776,
"OECD","MEATCONSUMP","BEEF","KG_CAP","A","2013",14.174170541,
"OECD","MEATCONSUMP","BEEF","KG_CAP","A","2014",13.885640693,
"OECD","MEATCONSUMP","BEEF","KG_CAP","A","2015",13.791730078,
"OECD","MEATCONSUMP","BEEF","KG_CAP","A","2016",14.205534724,
"OECD","MEATCONSUMP","BEEF","KG_CAP","A","2017",14.507768572,
"BRICS","MEATCONSUMP","BEEF","KG_CAP","A","1990",2.45200553,
"BRICS","MEATCONSUMP","BEEF","KG_CAP","A","1991",2.50332421,
"BRICS","MEATCONSUMP","BEEF","KG_CAP","A","1992",3.803898853,
"BRICS","MEATCONSUMP","BEEF","KG_CAP","A","1993",3.820432952,
"BRICS","MEATCONSUMP","BEEF","KG_CAP","A","1994",3.923547024,
"BRICS","MEATCONSUMP","BEEF","KG_CAP","A","1995",4.144613695,
"BRICS","MEATCONSUMP","BEEF","KG_CAP","A","1996",4.191946171,
"BRICS","MEATCONSUMP","BEEF","KG_CAP","A","1997",4.270878033,
"BRICS","MEATCONSUMP","BEEF","KG_CAP","A","1998",4.186355473,
"BRICS","MEATCONSUMP","BEEF","KG_CAP","A","1999",4.232154256,
"BRICS","MEATCONSUMP","BEEF","KG_CAP","A","2000",4.155793372,
"BRICS","MEATCONSUMP","BEEF","KG_CAP","A","2001",4.215669131,
"BRICS","MEATCONSUMP","BEEF","KG_CAP","A","2002",4.348584528,
"BRICS","MEATCONSUMP","BEEF","KG_CAP","A","2003",4.437349272,
"BRICS","MEATCONSUMP","BEEF","KG_CAP","A","2004",4.373489462,
"BRICS","MEATCONSUMP","BEEF","KG_CAP","A","2005",4.431731912,
"BRICS","MEATCONSUMP","BEEF","KG_CAP","A","2006",4.564263203,
"BRICS","MEATCONSUMP","BEEF","KG_CAP","A","2007",4.591453925,
"BRICS","MEATCONSUMP","BEEF","KG_CAP","A","2008",4.425236211,
"BRICS","MEATCONSUMP","BEEF","KG_CAP","A","2009",4.365250809,
"BRICS","MEATCONSUMP","BEEF","KG_CAP","A","2010",4.416359064,
"BRICS","MEATCONSUMP","BEEF","KG_CAP","A","2011",4.270641528,
"BRICS","MEATCONSUMP","BEEF","KG_CAP","A","2012",4.308346824,
"BRICS","MEATCONSUMP","BEEF","KG_CAP","A","2013",4.341103055,
"BRICS","MEATCONSUMP","BEEF","KG_CAP","A","2014",4.192414016,
"BRICS","MEATCONSUMP","BEEF","KG_CAP","A","2015",4.333941843,
"BRICS","MEATCONSUMP","BEEF","KG_CAP","A","2016",4.356349124,
"BRICS","MEATCONSUMP","BEEF","KG_CAP","A","2017",4.363943478,
"EU28","MEATCONSUMP","BEEF","KG_CAP","A","1990",13.322622537,
"EU28","MEATCONSUMP","BEEF","KG_CAP","A","1991",13.231233218,
"EU28","MEATCONSUMP","BEEF","KG_CAP","A","1992",13.179739909,
"EU28","MEATCONSUMP","BEEF","KG_CAP","A","1993",13.336738561,
"EU28","MEATCONSUMP","BEEF","KG_CAP","A","1994",13.432336529,
"EU28","MEATCONSUMP","BEEF","KG_CAP","A","1995",12.710369064,
"EU28","MEATCONSUMP","BEEF","KG_CAP","A","1996",11.742112895,
"EU28","MEATCONSUMP","BEEF","KG_CAP","A","1997",12.019588286,
"EU28","MEATCONSUMP","BEEF","KG_CAP","A","1998",12.350990783,
"EU28","MEATCONSUMP","BEEF","KG_CAP","A","1999",12.568408277,
"EU28","MEATCONSUMP","BEEF","KG_CAP","A","2000",11.888327524,
"EU28","MEATCONSUMP","BEEF","KG_CAP","A","2001",11.349289538,
"EU28","MEATCONSUMP","BEEF","KG_CAP","A","2002",11.988622018,
"EU28","MEATCONSUMP","BEEF","KG_CAP","A","2003",11.86111856,
"EU28","MEATCONSUMP","BEEF","KG_CAP","A","2004",12.102003825,
"EU28","MEATCONSUMP","BEEF","KG_CAP","A","2005",12.018975693,
"EU28","MEATCONSUMP","BEEF","KG_CAP","A","2006",12.077141771,
"EU28","MEATCONSUMP","BEEF","KG_CAP","A","2007",12.109624752,
"EU28","MEATCONSUMP","BEEF","KG_CAP","A","2008",11.618857179,
"EU28","MEATCONSUMP","BEEF","KG_CAP","A","2009",11.506258427,
"EU28","MEATCONSUMP","BEEF","KG_CAP","A","2010",11.368432131,
"EU28","MEATCONSUMP","BEEF","KG_CAP","A","2011",11.1077498,
"EU28","MEATCONSUMP","BEEF","KG_CAP","A","2012",10.761161007,
"EU28","MEATCONSUMP","BEEF","KG_CAP","A","2013",10.458405561,
"EU28","MEATCONSUMP","BEEF","KG_CAP","A","2014",10.611019516,
"EU28","MEATCONSUMP","BEEF","KG_CAP","A","2015",10.702081634,
"EU28","MEATCONSUMP","BEEF","KG_CAP","A","2016",10.93803317,
"EU28","MEATCONSUMP","BEEF","KG_CAP","A","2017",10.884593724,
"NOR","MEATCONSUMP","BEEF","KG_CAP","A","1990",12.641362962,
"NOR","MEATCONSUMP","BEEF","KG_CAP","A","1991",12.97457474,
"NOR","MEATCONSUMP","BEEF","KG_CAP","A","1992",13.14135479,
"NOR","MEATCONSUMP","BEEF","KG_CAP","A","1993",13.379153691,
"NOR","MEATCONSUMP","BEEF","KG_CAP","A","1994",14.417231282,
"NOR","MEATCONSUMP","BEEF","KG_CAP","A","1995",14.103581898,
"NOR","MEATCONSUMP","BEEF","KG_CAP","A","1996",14.381758149,
"NOR","MEATCONSUMP","BEEF","KG_CAP","A","1997",14.263333445,
"NOR","MEATCONSUMP","BEEF","KG_CAP","A","1998",14.58508692,
"NOR","MEATCONSUMP","BEEF","KG_CAP","A","1999",13.947432769,
"NOR","MEATCONSUMP","BEEF","KG_CAP","A","2000",14.277046082,
"NOR","MEATCONSUMP","BEEF","KG_CAP","A","2001",13.728118378,
"NOR","MEATCONSUMP","BEEF","KG_CAP","A","2002",13.78700133,
"NOR","MEATCONSUMP","BEEF","KG_CAP","A","2003",14.078419625,
"NOR","MEATCONSUMP","BEEF","KG_CAP","A","2004",14.214316689,
"NOR","MEATCONSUMP","BEEF","KG_CAP","A","2005",14.278923245,
"NOR","MEATCONSUMP","BEEF","KG_CAP","A","2006",13.667710948,
"NOR","MEATCONSUMP","BEEF","KG_CAP","A","2007",13.938469564,
"NOR","MEATCONSUMP","BEEF","KG_CAP","A","2008",14.38421439,
"NOR","MEATCONSUMP","BEEF","KG_CAP","A","2009",13.527767765,
"NOR","MEATCONSUMP","BEEF","KG_CAP","A","2010",12.909792263,
"NOR","MEATCONSUMP","BEEF","KG_CAP","A","2011",13.219891685,
"NOR","MEATCONSUMP","BEEF","KG_CAP","A","2012",13.586866499,
"NOR","MEATCONSUMP","BEEF","KG_CAP","A","2013",13.690346125,
"NOR","MEATCONSUMP","BEEF","KG_CAP","A","2014",12.532796167,
"NOR","MEATCONSUMP","BEEF","KG_CAP","A","2015",13.835142108,
"NOR","MEATCONSUMP","BEEF","KG_CAP","A","2016",13.938550011,
"NOR","MEATCONSUMP","BEEF","KG_CAP","A","2017",13.427652003,
"CHE","MEATCONSUMP","BEEF","KG_CAP","A","1990",18.19831833,
"CHE","MEATCONSUMP","BEEF","KG_CAP","A","1991",18.406052983,
"CHE","MEATCONSUMP","BEEF","KG_CAP","A","1992",18.125568668,
"CHE","MEATCONSUMP","BEEF","KG_CAP","A","1993",17.375685608,
"CHE","MEATCONSUMP","BEEF","KG_CAP","A","1994",15.794213134,
"CHE","MEATCONSUMP","BEEF","KG_CAP","A","1995",15.622466432,
"CHE","MEATCONSUMP","BEEF","KG_CAP","A","1996",15.495594291,
"CHE","MEATCONSUMP","BEEF","KG_CAP","A","1997",15.605138039,
"CHE","MEATCONSUMP","BEEF","KG_CAP","A","1998",15.542092955,
"CHE","MEATCONSUMP","BEEF","KG_CAP","A","1999",15.37282672,
"CHE","MEATCONSUMP","BEEF","KG_CAP","A","2000",14.205109395,
"CHE","MEATCONSUMP","BEEF","KG_CAP","A","2001",14.124534198,
"CHE","MEATCONSUMP","BEEF","KG_CAP","A","2002",14.16367868,
"CHE","MEATCONSUMP","BEEF","KG_CAP","A","2003",14.372875482,
"CHE","MEATCONSUMP","BEEF","KG_CAP","A","2004",14.295935677,
"CHE","MEATCONSUMP","BEEF","KG_CAP","A","2005",14.409397051,
"CHE","MEATCONSUMP","BEEF","KG_CAP","A","2006",14.692660044,
"CHE","MEATCONSUMP","BEEF","KG_CAP","A","2007",14.453398985,
"CHE","MEATCONSUMP","BEEF","KG_CAP","A","2008",14.968279945,
"CHE","MEATCONSUMP","BEEF","KG_CAP","A","2009",14.863292493,
"CHE","MEATCONSUMP","BEEF","KG_CAP","A","2010",15.212294564,
"CHE","MEATCONSUMP","BEEF","KG_CAP","A","2011",15.319269922,
"CHE","MEATCONSUMP","BEEF","KG_CAP","A","2012",14.834077971,
"CHE","MEATCONSUMP","BEEF","KG_CAP","A","2013",15.199688785,
"CHE","MEATCONSUMP","BEEF","KG_CAP","A","2014",15.076048287,
"CHE","MEATCONSUMP","BEEF","KG_CAP","A","2015",14.664379939,
"CHE","MEATCONSUMP","BEEF","KG_CAP","A","2016",14.057285565,
"CHE","MEATCONSUMP","BEEF","KG_CAP","A","2017",14.452571701,
